-- phpMyAdmin SQL Dump
-- version 5.2.1
-- https://www.phpmyadmin.net/
--
-- Host: 127.0.0.1
-- Generation Time: Nov 28, 2025 at 09:56 AM
-- Server version: 10.4.32-MariaDB
-- PHP Version: 8.2.12

SET SQL_MODE = "NO_AUTO_VALUE_ON_ZERO";
START TRANSACTION;
SET time_zone = "+00:00";


/*!40101 SET @OLD_CHARACTER_SET_CLIENT=@@CHARACTER_SET_CLIENT */;
/*!40101 SET @OLD_CHARACTER_SET_RESULTS=@@CHARACTER_SET_RESULTS */;
/*!40101 SET @OLD_COLLATION_CONNECTION=@@COLLATION_CONNECTION */;
/*!40101 SET NAMES utf8mb4 */;

--
-- Database: `stickershopdb`
--

-- --------------------------------------------------------

--
-- Table structure for table `cart`
--

CREATE TABLE `cart` (
  `id` int(11) NOT NULL,
  `user_id` int(11) DEFAULT NULL,
  `item_id` int(11) DEFAULT NULL,
  `quantity` int(11) NOT NULL DEFAULT 1,
  `paper_type` varchar(50) DEFAULT 'Vinyl'
) ENGINE=InnoDB DEFAULT CHARSET=utf8mb4 COLLATE=utf8mb4_general_ci;

--
-- Dumping data for table `cart`
--

INSERT INTO `cart` (`id`, `user_id`, `item_id`, `quantity`, `paper_type`) VALUES
(31, 1, 22, 1, 'Vinyl'),
(32, 1, 25, 1, 'Vinyl'),
(86, 2, 61, 1, 'Vinyl'),
(87, 2, 115, 1, 'Static-Cling'),
(119, 3, 150, 1, 'Vinyl'),
(120, 3, 51, 2, 'Vinyl'),
(121, 3, 52, 1, 'Vinyl');

-- --------------------------------------------------------

--
-- Table structure for table `items`
--

CREATE TABLE `items` (
  `id` int(11) NOT NULL,
  `image` varchar(255) NOT NULL,
  `name` varchar(255) NOT NULL,
  `description` text NOT NULL,
  `price` decimal(10,2) NOT NULL,
  `stock` int(11) NOT NULL DEFAULT 100,
  `stock_by_paper_type` text DEFAULT NULL,
  `category` varchar(100) DEFAULT NULL,
  `page` varchar(255) NOT NULL DEFAULT 'shop'
) ENGINE=InnoDB DEFAULT CHARSET=utf8mb4 COLLATE=utf8mb4_general_ci;

--
-- Dumping data for table `items`
--

INSERT INTO `items` (`id`, `image`, `name`, `description`, `price`, `stock`, `stock_by_paper_type`, `category`, `page`) VALUES
(4, 'Paimon 1.png', 'Paimon', 'Paimon emergency food', 12.49, 407, '{\"Vinyl\":7,\"Holographic\":7,\"Glitter\":7,\"Paper\":7,\"Die-Cut\":7,\"Decal\":7,\"Static-Cling\":7}', 'Genshin Impact', 'shop'),
(7, 'Navia.png', 'Navia', 'Navia', 111.02, 357, '{\"Vinyl\":14,\"Holographic\":14,\"Glitter\":14,\"Paper\":14,\"Die-Cut\":14,\"Decal\":14,\"Static-Cling\":14}', 'Genshin Impact', 'shop'),
(9, 'Kaeya 3.png', 'Kaeya', 'Kaeya from Dawn winery', 134.43, 319, '{\"Vinyl\":9,\"Holographic\":9,\"Glitter\":9,\"Paper\":9,\"Die-Cut\":9,\"Decal\":9,\"Static-Cling\":9}', 'Genshin Impact', 'shop'),
(12, 'Keqing 1.png', 'Keqing [1]', '[Genshin Impact x OnePlus] OnePlus Collaboration Emoji Now Available!', 129.49, 368, '{\"Vinyl\":10,\"Holographic\":10,\"Glitter\":10,\"Paper\":10,\"Die-Cut\":10,\"Decal\":10,\"Static-Cling\":10}', 'Genshin Impact', 'newarrivals'),
(13, 'Keqing 2.png', 'Keqing [2]', '[Genshin Impact x OnePlus] OnePlus Collaboration Emoji Now Available!', 121.43, 293, '{\"Vinyl\":11,\"Holographic\":11,\"Glitter\":11,\"Paper\":11,\"Die-Cut\":11,\"Decal\":11,\"Static-Cling\":11}', 'Genshin Impact', 'newarrivals'),
(14, 'Keqing 3.png', 'Keqing [3]', '[Genshin Impact x OnePlus] OnePlus Collaboration Emoji Now Available!', 458.43, 359, '{\"Vinyl\":11,\"Holographic\":11,\"Glitter\":11,\"Paper\":11,\"Die-Cut\":11,\"Decal\":11,\"Static-Cling\":11}', 'Genshin Impact', 'newarrivals'),
(15, 'Keqing 4.png', 'Keqing [4]', '[Genshin Impact x OnePlus] OnePlus Collaboration Emoji Now Available!', 230.34, 413, '{\"Vinyl\":8,\"Holographic\":8,\"Glitter\":8,\"Paper\":8,\"Die-Cut\":8,\"Decal\":8,\"Static-Cling\":8}', 'Genshin Impact', 'newarrivals'),
(16, 'Keqing 5.png', 'Keqing [5]', '[Genshin Impact x OnePlus] OnePlus Collaboration Emoji Now Available!', 349.34, 383, '{\"Vinyl\":9,\"Holographic\":9,\"Glitter\":9,\"Paper\":9,\"Die-Cut\":9,\"Decal\":9,\"Static-Cling\":9}', 'Genshin Impact', 'newarrivals'),
(17, 'Keqing 6.png', 'Keqing [6]', '[Genshin Impact x OnePlus] OnePlus Collaboration Emoji Now Available!', 234.23, 345, '{\"Vinyl\":12,\"Holographic\":12,\"Glitter\":12,\"Paper\":12,\"Die-Cut\":12,\"Decal\":12,\"Static-Cling\":12}', 'Genshin Impact', 'newarrivals'),
(18, 'Keqing 7.png', 'Keqing [7]', '[Genshin Impact x OnePlus] OnePlus Collaboration Emoji Now Available!', 243.23, 421, '{\"Vinyl\":14,\"Holographic\":14,\"Glitter\":14,\"Paper\":14,\"Die-Cut\":14,\"Decal\":14,\"Static-Cling\":14}', 'Genshin Impact', 'newarrivals'),
(20, 'Hu Tao 1.png', 'Hu Tao [1]', 'This is Hu Tao from Liyue', 343.00, 487, '{\"Vinyl\":15,\"Holographic\":15,\"Glitter\":15,\"Paper\":15,\"Die-Cut\":15,\"Decal\":15,\"Static-Cling\":15}', 'Genshin Impact', 'newarrivals'),
(21, 'Hu Tao 2.png', 'Hu Tao [2]', 'This is Hu Tao from Liyue', 234.33, 257, '{\"Vinyl\":8,\"Holographic\":8,\"Glitter\":8,\"Paper\":8,\"Die-Cut\":8,\"Decal\":8,\"Static-Cling\":8}', 'Genshin Impact', 'newarrivals'),
(22, 'Hu Tao 3.png', 'Hu Tao [3]', 'This is Hu Tao from Liyue', 245.32, 371, '{\"Vinyl\":11,\"Holographic\":11,\"Glitter\":11,\"Paper\":11,\"Die-Cut\":11,\"Decal\":11,\"Static-Cling\":11}', 'Genshin Impact', 'newarrivals'),
(23, 'Yae Miko 1.png', 'Yae Miko [1]', 'Yae Miko from Inazuma!', 432.70, 307, '{\"Vinyl\":12,\"Holographic\":12,\"Glitter\":12,\"Paper\":12,\"Die-Cut\":12,\"Decal\":12,\"Static-Cling\":12}', 'Genshin Impact', 'newarrivals'),
(24, 'Yae Miko 2.png', 'Yae Miko [2]', 'Yae Miko from Inazuma!', 345.23, 246, '{\"Vinyl\":10,\"Holographic\":10,\"Glitter\":10,\"Paper\":10,\"Die-Cut\":10,\"Decal\":10,\"Static-Cling\":10}', 'Genshin Impact', 'newarrivals'),
(25, 'Yae Miko 3.png', 'Yae Miko [3]', 'Yae Miko from Inazuma!', 242.53, 320, '{\"Vinyl\":10,\"Holographic\":10,\"Glitter\":10,\"Paper\":10,\"Die-Cut\":10,\"Decal\":10,\"Static-Cling\":10}', 'Genshin Impact', 'newarrivals'),
(26, 'March 7th_1.png', 'March 7th [1]', 'March 7th from Honkai: Star Rail!', 230.00, 474, '{\"Vinyl\":8,\"Holographic\":8,\"Glitter\":8,\"Paper\":8,\"Die-Cut\":8,\"Decal\":8,\"Static-Cling\":8}', 'Honkai: Star Rail', 'newarrivals'),
(27, 'March 7th_2.png', 'March 7th [2]', 'March 7th from Honkai: Star Rail!', 346.78, 403, '{\"Vinyl\":14,\"Holographic\":14,\"Glitter\":14,\"Paper\":14,\"Die-Cut\":14,\"Decal\":14,\"Static-Cling\":14}', 'Honkai: Star Rail', 'newarrivals'),
(28, 'March 7th_3.png', 'March 7th [3]', 'March 7th from Honkai: Star Rail!', 384.34, 316, '{\"Vinyl\":11,\"Holographic\":11,\"Glitter\":11,\"Paper\":11,\"Die-Cut\":11,\"Decal\":11,\"Static-Cling\":11}', 'Honkai: Star Rail', 'newarrivals'),
(29, 'March 7th_4.png', 'March 7th [4]', 'March 7th from Honkai: Star Rail!', 343.76, 420, '{\"Vinyl\":11,\"Holographic\":11,\"Glitter\":11,\"Paper\":11,\"Die-Cut\":11,\"Decal\":11,\"Static-Cling\":11}', 'Honkai: Star Rail', 'newarrivals'),
(30, 'March 7th_5.png', 'March 7th [5]', 'March 7th from Honkai: Star Rail!', 234.88, 543, '{\"Vinyl\":13,\"Holographic\":13,\"Glitter\":13,\"Paper\":13,\"Die-Cut\":13,\"Decal\":13,\"Static-Cling\":13}', 'Honkai: Star Rail', 'newarrivals'),
(31, 'March 7th_6.png', 'March 7th [6]', 'March 7th from Honkai: Star Rail!', 834.56, 477, '{\"Vinyl\":11,\"Holographic\":11,\"Glitter\":11,\"Paper\":11,\"Die-Cut\":11,\"Decal\":11,\"Static-Cling\":11}', 'Honkai: Star Rail', 'newarrivals'),
(32, 'March 7th_7.png', 'March 7th [7]', 'March 7th from Honkai: Star Rail!', 535.34, 446, '{\"Vinyl\":13,\"Holographic\":13,\"Glitter\":13,\"Paper\":13,\"Die-Cut\":13,\"Decal\":13,\"Static-Cling\":13}', 'Honkai: Star Rail', 'newarrivals'),
(33, 'March 7th_8.png', 'March 7th [8]', 'March 7th from Honkai: Star Rail!', 345.67, 500, '{\"Vinyl\":11,\"Holographic\":11,\"Glitter\":11,\"Paper\":11,\"Die-Cut\":11,\"Decal\":11,\"Static-Cling\":11}', 'Honkai: Star Rail', 'newarrivals'),
(34, 'March 7th_9.png', 'March 7th [9]', 'March 7th from Honkai: Star Rail!', 343.34, 326, '{\"Vinyl\":5,\"Holographic\":5,\"Glitter\":5,\"Paper\":5,\"Die-Cut\":5,\"Decal\":5,\"Static-Cling\":5}', 'Honkai: Star Rail', 'newarrivals'),
(35, 'March 7th_10.png', 'March 7th [10]', 'March 7th from Honkai: Star Rail!', 123.90, 505, '{\"Vinyl\":3,\"Holographic\":3,\"Glitter\":3,\"Paper\":3,\"Die-Cut\":3,\"Decal\":3,\"Static-Cling\":3}', 'Honkai: Star Rail', 'newarrivals'),
(36, 'Pom-Pom 1.png', 'Pompom [1]', '[Honkai: Star Rail] Pompom, the Astral Conductor!', 431.00, 357, '{\"Vinyl\":9,\"Holographic\":9,\"Glitter\":9,\"Paper\":9,\"Die-Cut\":9,\"Decal\":9,\"Static-Cling\":9}', 'Honkai: Star Rail', 'bestseller'),
(37, 'Pom-Pom 2.png', 'Pompom [2]', '[Honkai: Star Rail] Pompom, the Astral Conductor!', 356.67, 372, '{\"Vinyl\":13,\"Holographic\":13,\"Glitter\":13,\"Paper\":13,\"Die-Cut\":13,\"Decal\":13,\"Static-Cling\":13}', 'Honkai: Star Rail', 'bestseller'),
(38, 'Pom-Pom 3.png', 'Pompom [3]', '[Honkai: Star Rail] Pompom, the Astral Conductor!', 234.64, 327, '{\"Vinyl\":12,\"Holographic\":12,\"Glitter\":12,\"Paper\":12,\"Die-Cut\":12,\"Decal\":12,\"Static-Cling\":12}', 'Honkai: Star Rail', 'bestseller'),
(39, 'Pom-Pom 4.png', 'Pompom [4]', '[Honkai: Star Rail] Pompom, the Astral Conductor!', 235.00, 401, '{\"Vinyl\":9,\"Holographic\":9,\"Glitter\":9,\"Paper\":9,\"Die-Cut\":9,\"Decal\":9,\"Static-Cling\":9}', 'Honkai: Star Rail', 'bestseller'),
(40, 'Pom-Pom 5.png', 'PomPom [5]', '[Honkai: Star Rail] Pompom, the Astral Conductor!', 654.56, 428, '{\"Vinyl\":13,\"Holographic\":13,\"Glitter\":13,\"Paper\":13,\"Die-Cut\":13,\"Decal\":13,\"Static-Cling\":13}', 'Honkai: Star Rail', 'bestseller'),
(41, 'Pom-Pom 6.png', 'Pompom [6]', '[Honkai: Star Rail] Pompom, the Astral Conductor!', 345.00, 394, '{\"Vinyl\":14,\"Holographic\":14,\"Glitter\":14,\"Paper\":14,\"Die-Cut\":14,\"Decal\":14,\"Static-Cling\":14}', 'Honkai: Star Rail', 'bestseller'),
(42, 'Pom-Pom 7.png', 'Pompom [7]', '[Honkai: Star Rail] Pompom, the Astral Conductor!', 235.78, 330, '{\"Vinyl\":13,\"Holographic\":13,\"Glitter\":13,\"Paper\":13,\"Die-Cut\":13,\"Decal\":13,\"Static-Cling\":13}', 'Honkai: Star Rail', 'bestseller'),
(43, 'Chevreuse 1.png', 'Chevreuse [1]', '[ Captain of the Maison Gardiennage\'s Special Security and Surveillance Patrol.', 14.00, 323, '{\"Vinyl\":9,\"Holographic\":9,\"Glitter\":9,\"Paper\":9,\"Die-Cut\":9,\"Decal\":9,\"Static-Cling\":9}', 'Genshin Impact', 'bestseller'),
(44, 'Chevreuse 2.png', 'Chevreuse [2]', '[ Captain of the Maison Gardiennage\'s Special Security and Surveillance Patrol.', 52.00, 293, '{\"Vinyl\":11,\"Holographic\":11,\"Glitter\":11,\"Paper\":11,\"Die-Cut\":11,\"Decal\":11,\"Static-Cling\":11}', 'Genshin Impact', 'bestseller'),
(45, 'Chevreuse 3.png', 'Chevreuse [3]', '[ Captain of the Maison Gardiennage\'s Special Security and Surveillance Patrol.', 23.00, 393, '{\"Vinyl\":12,\"Holographic\":12,\"Glitter\":12,\"Paper\":12,\"Die-Cut\":12,\"Decal\":12,\"Static-Cling\":12}', 'Genshin Impact', 'bestseller'),
(46, 'Chevreuse 4.png', 'Chevreuse [4]', '[ Captain of the Maison Gardiennage\'s Special Security and Surveillance Patrol.', 24.00, 321, '{\"Vinyl\":12,\"Holographic\":12,\"Glitter\":12,\"Paper\":12,\"Die-Cut\":12,\"Decal\":12,\"Static-Cling\":12}', 'Genshin Impact', 'bestseller'),
(47, 'Furina.png', 'Furina', 'Introduced as the flamboyant and overconfident Hydro Archon.', 111.00, 394, '{\"Vinyl\":9,\"Holographic\":9,\"Glitter\":9,\"Paper\":9,\"Die-Cut\":9,\"Decal\":9,\"Static-Cling\":9}', 'Genshin Impact', 'bestseller'),
(48, 'Kamisato Ayaka 1.png', 'Kamisato Ayaka [1]', 'Beautiful, dignified, and noble, considered a model of perfection in Inazuma.', 12.00, 435, '{\"Vinyl\":13,\"Holographic\":13,\"Glitter\":13,\"Paper\":13,\"Die-Cut\":13,\"Decal\":13,\"Static-Cling\":13}', 'Genshin Impact', 'bestseller'),
(49, 'Kamisato Ayaka 2.png', 'Kamisato Ayaka [2]', 'Beautiful, dignified, and noble, considered a model of perfection in Inazuma.', 45.00, 449, '{\"Vinyl\":15,\"Holographic\":15,\"Glitter\":15,\"Paper\":15,\"Die-Cut\":15,\"Decal\":15,\"Static-Cling\":15}', 'Genshin Impact', 'bestseller'),
(50, 'Kamisato Ayato.png', 'Kamisato Ayato', 'Brother of Kamisato Ayaka.', 13.00, 412, '{\"Vinyl\":15,\"Holographic\":15,\"Glitter\":15,\"Paper\":15,\"Die-Cut\":15,\"Decal\":15,\"Static-Cling\":15}', 'Genshin Impact', 'bestseller'),
(51, 'Navia 1.png', 'Navia [1]', 'She is the president of the Spina di Rosula, a mantle previously held by her late father Callas.', 13.00, 399, '{\"Vinyl\":15,\"Holographic\":15,\"Glitter\":15,\"Paper\":15,\"Die-Cut\":15,\"Decal\":15,\"Static-Cling\":15}', 'Genshin Impact', 'bestseller'),
(52, 'Navia 2.png', 'Navia [2]', 'She is the president of the Spina di Rosula, a mantle previously held by her late father Callas.', 75.00, 444, '{\"Vinyl\":15,\"Holographic\":15,\"Glitter\":15,\"Paper\":15,\"Die-Cut\":15,\"Decal\":15,\"Static-Cling\":15}', 'Genshin Impact', 'bestseller'),
(53, 'Navia 3.png', 'Navia [3]', 'She is the president of the Spina di Rosula, a mantle previously held by her late father Callas.', 14.00, 366, '{\"Vinyl\":15,\"Holographic\":15,\"Glitter\":15,\"Paper\":15,\"Die-Cut\":15,\"Decal\":15,\"Static-Cling\":15}', 'Genshin Impact', 'bestseller'),
(54, 'Raiden Shogun 1.png', 'Raiden Shogun [1]', 'Electro Archon of Inazuma', 653.00, 352, '{\"Vinyl\":15,\"Holographic\":15,\"Glitter\":15,\"Paper\":15,\"Die-Cut\":15,\"Decal\":15,\"Static-Cling\":15}', 'Genshin Impact', 'bestseller'),
(55, 'Raiden Shogun 2.png', 'Raiden Shogun [2]', 'Electro Archon of Inazuma', 14.00, 379, '{\"Vinyl\":15,\"Holographic\":15,\"Glitter\":15,\"Paper\":15,\"Die-Cut\":15,\"Decal\":15,\"Static-Cling\":15}', 'Genshin Impact', 'bestseller'),
(56, 'Yoimiya 1.png', 'Yoimiya [1]', 'Yoimiya is loved by everyone on Narukami Island.', 234.00, 280, '{\"Vinyl\":8,\"Holographic\":8,\"Glitter\":8,\"Paper\":8,\"Die-Cut\":8,\"Decal\":8,\"Static-Cling\":8}', 'Genshin Impact', 'bestseller'),
(57, 'Yoimiya 2.png', 'Yoimiya [2]', 'Yoimiya is loved by everyone on Narukami Island.', 149.00, 391, '{\"Vinyl\":8,\"Holographic\":8,\"Glitter\":8,\"Paper\":8,\"Die-Cut\":8,\"Decal\":8,\"Static-Cling\":8}', 'Genshin Impact', 'bestseller'),
(60, 'item_69194c077257d3.88618253.png', 'Aalto [1]', 'Aalto is a playable Aero Congenital Resonator in Wuthering Waves.', 20.00, 370, '{\"Vinyl\":12,\"Holographic\":12,\"Glitter\":12,\"Paper\":12,\"Die-Cut\":12,\"Decal\":12,\"Static-Cling\":12}', 'Wuthering Waves', 'shop'),
(61, 'item_69194c0773fb28.21966775.png', 'Aalto [2]', 'Aalto is a playable Aero Congenital Resonator in Wuthering Waves.', 24.00, 221, '{\"Vinyl\":9,\"Holographic\":9,\"Glitter\":9,\"Paper\":9,\"Die-Cut\":9,\"Decal\":9,\"Static-Cling\":9}', 'Wuthering Waves', 'shop'),
(62, 'item_69194c077546b9.64354930.png', 'Aalto [3]', 'Aalto is a playable Aero Congenital Resonator in Wuthering Waves.', 23.00, 327, '{\"Vinyl\":3,\"Holographic\":3,\"Glitter\":3,\"Paper\":3,\"Die-Cut\":3,\"Decal\":3,\"Static-Cling\":3}', 'Wuthering Waves', 'shop'),
(63, 'item_69194c07757815.81540506.png', 'Aalto [4]', 'Aalto is a playable Aero Congenital Resonator in Wuthering Waves.', 23.00, 307, '{\"Vinyl\":3,\"Holographic\":3,\"Glitter\":3,\"Paper\":3,\"Die-Cut\":3,\"Decal\":3,\"Static-Cling\":3}', 'Wuthering Waves', 'shop'),
(64, 'item_69194c65426645.91895646.png', 'Encore [1]', 'She is from the New Federation and a Consultant of the Black Shores.', 30.00, 428, '{\"Vinyl\":15,\"Holographic\":15,\"Glitter\":15,\"Paper\":15,\"Die-Cut\":15,\"Decal\":15,\"Static-Cling\":15}', 'Wuthering Waves', 'shop'),
(65, 'item_69194c6543aaa4.75563170.png', 'Encore [2]', 'She is from the New Federation and a Consultant of the Black Shores.', 23.00, 382, '{\"Vinyl\":15,\"Holographic\":15,\"Glitter\":15,\"Paper\":15,\"Die-Cut\":15,\"Decal\":15,\"Static-Cling\":15}', 'Wuthering Waves', 'shop'),
(66, 'item_69194c6543ee22.12982843.png', 'Encore [3]', 'She is from the New Federation and a Consultant of the Black Shores.', 32.00, 437, '{\"Vinyl\":15,\"Holographic\":15,\"Glitter\":15,\"Paper\":15,\"Die-Cut\":15,\"Decal\":15,\"Static-Cling\":15}', 'Wuthering Waves', 'shop'),
(67, 'item_69194c65441f57.19760718.png', 'Encore [4]', 'She is from the New Federation and a Consultant of the Black Shores.', 45.00, 364, '{\"Vinyl\":15,\"Holographic\":15,\"Glitter\":15,\"Paper\":15,\"Die-Cut\":15,\"Decal\":15,\"Static-Cling\":15}', 'Wuthering Waves', 'shop'),
(68, 'item_69194e106b1f08.40293728.png', 'Rover [1]', 'Rover is a multi-attribute Resonator and is the main protagonist of Wuthering Waves.', 29.00, 407, '{\"Vinyl\":15,\"Holographic\":15,\"Glitter\":15,\"Paper\":15,\"Die-Cut\":15,\"Decal\":15,\"Static-Cling\":15}', 'Wuthering Waves', 'newarrivals'),
(69, 'item_69194e106c3989.62338361.png', 'Rover [2]', 'Rover is a multi-attribute Resonator and is the main protagonist of Wuthering Waves.', 39.00, 416, '{\"Vinyl\":15,\"Holographic\":15,\"Glitter\":15,\"Paper\":15,\"Die-Cut\":15,\"Decal\":15,\"Static-Cling\":15}', 'Wuthering Waves', 'newarrivals'),
(70, 'item_69194e106c7799.35093499.png', 'Rover [3]', 'Rover is a multi-attribute Resonator and is the main protagonist of Wuthering Waves.', 27.00, 378, '{\"Vinyl\":15,\"Holographic\":15,\"Glitter\":15,\"Paper\":15,\"Die-Cut\":15,\"Decal\":15,\"Static-Cling\":15}', 'Wuthering Waves', 'newarrivals'),
(71, 'item_69194e106ca670.58498713.png', 'Rover [4]', 'Rover is a multi-attribute Resonator and is the main protagonist of Wuthering Waves.', 32.00, 302, '{\"Vinyl\":15,\"Holographic\":15,\"Glitter\":15,\"Paper\":15,\"Die-Cut\":15,\"Decal\":15,\"Static-Cling\":15}', 'Wuthering Waves', 'newarrivals'),
(72, 'item_69194e106ce229.87020135.png', 'Rover [5]', 'Rover is a multi-attribute Resonator and is the main protagonist of Wuthering Waves.', 37.00, 296, '{\"Vinyl\":15,\"Holographic\":15,\"Glitter\":15,\"Paper\":15,\"Die-Cut\":15,\"Decal\":15,\"Static-Cling\":15}', 'Wuthering Waves', 'newarrivals'),
(73, 'item_69194e106d1262.02683932.png', 'Rover [6]', 'Rover is a multi-attribute Resonator and is the main protagonist of Wuthering Waves.', 37.00, 389, '{\"Vinyl\":15,\"Holographic\":15,\"Glitter\":15,\"Paper\":15,\"Die-Cut\":15,\"Decal\":15,\"Static-Cling\":15}', 'Wuthering Waves', 'newarrivals'),
(74, 'item_69194e106d4046.76627310.png', 'Rover [7]', 'Rover is a multi-attribute Resonator and is the main protagonist of Wuthering Waves.', 37.00, 404, '{\"Vinyl\":15,\"Holographic\":15,\"Glitter\":15,\"Paper\":15,\"Die-Cut\":15,\"Decal\":15,\"Static-Cling\":15}', 'Wuthering Waves', 'newarrivals'),
(75, 'item_69194e106d7fe5.03723256.png', 'Rover [8]', 'Rover is a multi-attribute Resonator and is the main protagonist of Wuthering Waves.', 47.00, 442, '{\"Vinyl\":15,\"Holographic\":15,\"Glitter\":15,\"Paper\":15,\"Die-Cut\":15,\"Decal\":15,\"Static-Cling\":15}', 'Wuthering Waves', 'newarrivals'),
(76, 'item_69194e106e24a8.66024116.png', 'Rover [9]', 'Rover is a multi-attribute Resonator and is the main protagonist of Wuthering Waves.', 47.00, 460, '{\"Vinyl\":8,\"Holographic\":8,\"Glitter\":8,\"Paper\":8,\"Die-Cut\":8,\"Decal\":8,\"Static-Cling\":8}', 'Wuthering Waves', 'newarrivals'),
(77, 'item_69194e106f4d66.65260512.png', 'Rover [10]', 'Rover is a multi-attribute Resonator and is the main protagonist of Wuthering Waves.', 27.00, 329, '{\"Vinyl\":15,\"Holographic\":15,\"Glitter\":15,\"Paper\":15,\"Die-Cut\":15,\"Decal\":15,\"Static-Cling\":15}', 'Wuthering Waves', 'newarrivals'),
(78, 'item_69194e85aff2d6.74757983.png', 'Zani [1]', 'She is a staff member of the Montelli Family\'s Averardo Bank in Ragunna.', 70.82, 342, '{\"Vinyl\":4,\"Holographic\":4,\"Glitter\":4,\"Paper\":4,\"Die-Cut\":4,\"Decal\":4,\"Static-Cling\":4}', 'Wuthering Waves', 'shop'),
(79, 'item_69194e85b116b6.15091146.png', 'Zani [2]', 'She is a staff member of the Montelli Family\'s Averardo Bank in Ragunna.', 54.05, 377, '{\"Vinyl\":11,\"Holographic\":11,\"Glitter\":11,\"Paper\":11,\"Die-Cut\":11,\"Decal\":11,\"Static-Cling\":11}', 'Wuthering Waves', 'shop'),
(80, 'item_69194e85b1b379.17485548.png', 'Zani [3]', 'She is a staff member of the Montelli Family\'s Averardo Bank in Ragunna.', 35.68, 519, '{\"Vinyl\":10,\"Holographic\":10,\"Glitter\":10,\"Paper\":10,\"Die-Cut\":10,\"Decal\":10,\"Static-Cling\":10}', 'Wuthering Waves', 'shop'),
(81, 'item_69194e85b1e9c2.93124928.png', 'Zani [4]', 'She is a staff member of the Montelli Family\'s Averardo Bank in Ragunna.', 51.85, 326, '{\"Vinyl\":9,\"Holographic\":9,\"Glitter\":9,\"Paper\":9,\"Die-Cut\":9,\"Decal\":9,\"Static-Cling\":9}', 'Wuthering Waves', 'shop'),
(82, 'item_69194e85b21e67.97868954.png', 'Zani [5]', 'She is a staff member of the Montelli Family\'s Averardo Bank in Ragunna.', 63.53, 360, '{\"Vinyl\":8,\"Holographic\":8,\"Glitter\":8,\"Paper\":8,\"Die-Cut\":8,\"Decal\":8,\"Static-Cling\":8}', 'Wuthering Waves', 'shop'),
(83, 'item_69194e85b26bc8.34979893.png', 'Zani [6]', 'She is a staff member of the Montelli Family\'s Averardo Bank in Ragunna.', 75.13, 460, '{\"Vinyl\":13,\"Holographic\":13,\"Glitter\":13,\"Paper\":13,\"Die-Cut\":13,\"Decal\":13,\"Static-Cling\":13}', 'Wuthering Waves', 'shop'),
(84, 'item_69194e85b2a510.96001029.png', 'Zani [7]', 'She is a staff member of the Montelli Family\'s Averardo Bank in Ragunna.', 37.40, 317, '{\"Vinyl\":9,\"Holographic\":9,\"Glitter\":9,\"Paper\":9,\"Die-Cut\":9,\"Decal\":9,\"Static-Cling\":9}', 'Wuthering Waves', 'shop'),
(85, 'item_69194e85b2f6b2.30154309.png', 'Zani [8]', 'She is a staff member of the Montelli Family\'s Averardo Bank in Ragunna.', 48.25, 423, '{\"Vinyl\":9,\"Holographic\":9,\"Glitter\":9,\"Paper\":9,\"Die-Cut\":9,\"Decal\":9,\"Static-Cling\":9}', 'Wuthering Waves', 'shop'),
(86, 'item_69194e85b44899.54788489.png', 'Zani [9]', 'She is a staff member of the Montelli Family\'s Averardo Bank in Ragunna.', 55.97, 429, '{\"Vinyl\":9,\"Holographic\":9,\"Glitter\":9,\"Paper\":9,\"Die-Cut\":9,\"Decal\":9,\"Static-Cling\":9}', 'Wuthering Waves', 'shop'),
(87, 'item_69194e85b48705.67028382.png', 'Zani [10]', 'She is a staff member of the Montelli Family\'s Averardo Bank in Ragunna.', 67.19, 416, '{\"Vinyl\":11,\"Holographic\":11,\"Glitter\":11,\"Paper\":11,\"Die-Cut\":11,\"Decal\":11,\"Static-Cling\":11}', 'Wuthering Waves', 'shop'),
(88, 'item_69194e85b4b6a0.39432239.png', 'Zani [11]', 'She is a staff member of the Montelli Family\'s Averardo Bank in Ragunna.', 41.69, 440, '{\"Vinyl\":15,\"Holographic\":15,\"Glitter\":15,\"Paper\":15,\"Die-Cut\":15,\"Decal\":15,\"Static-Cling\":15}', 'Wuthering Waves', 'shop'),
(89, 'item_69194e85b4faa1.57961605.png', 'Zani [12]', 'She is a staff member of the Montelli Family\'s Averardo Bank in Ragunna.', 53.98, 327, '{\"Vinyl\":14,\"Holographic\":14,\"Glitter\":14,\"Paper\":14,\"Die-Cut\":14,\"Decal\":14,\"Static-Cling\":14}', 'Wuthering Waves', 'shop'),
(90, 'item_69194e85b52990.39141767.png', 'Zani [13]', 'She is a staff member of the Montelli Family\'s Averardo Bank in Ragunna.', 20.38, 383, '{\"Vinyl\":10,\"Holographic\":10,\"Glitter\":10,\"Paper\":10,\"Die-Cut\":10,\"Decal\":10,\"Static-Cling\":10}', 'Wuthering Waves', 'shop'),
(91, 'item_69194e85b556f8.81210757.png', 'Zani [14]', 'She is a staff member of the Montelli Family\'s Averardo Bank in Ragunna.', 35.71, 487, '{\"Vinyl\":8,\"Holographic\":8,\"Glitter\":8,\"Paper\":8,\"Die-Cut\":8,\"Decal\":8,\"Static-Cling\":8}', 'Wuthering Waves', 'shop'),
(92, 'item_69194e85b58548.51363446.png', 'Zani [15]', 'She is a staff member of the Montelli Family\'s Averardo Bank in Ragunna.', 65.54, 409, '{\"Vinyl\":2,\"Holographic\":2,\"Glitter\":2,\"Paper\":2,\"Die-Cut\":2,\"Decal\":2,\"Static-Cling\":2}', 'Wuthering Waves', 'shop'),
(93, 'item_69194e85b5c4d9.91610028.png', 'Zani [16]', 'She is a staff member of the Montelli Family\'s Averardo Bank in Ragunna.', 18.16, 363, '{\"Vinyl\":11,\"Holographic\":11,\"Glitter\":11,\"Paper\":11,\"Die-Cut\":11,\"Decal\":11,\"Static-Cling\":11}', 'Wuthering Waves', 'shop'),
(95, 'item_69194ed08fd1f7.03816263.png', 'Danjin [1]', 'Danjin, baliw na Hu Tao.', 43.00, 335, '{\"Vinyl\":13,\"Holographic\":13,\"Glitter\":13,\"Paper\":13,\"Die-Cut\":13,\"Decal\":13,\"Static-Cling\":13}', 'Wuthering Waves', 'newarrivals'),
(96, 'item_69194ed09078e8.14381925.png', 'Danjin [2]', 'Danjin, baliw na Hu Tao.', 50.67, 342, '{\"Vinyl\":9,\"Holographic\":9,\"Glitter\":9,\"Paper\":9,\"Die-Cut\":9,\"Decal\":9,\"Static-Cling\":9}', 'Wuthering Waves', 'newarrivals'),
(97, 'item_69194ed090d3d4.62164764.png', 'Danjin [3]', 'Danjin, baliw na Hu Tao.', 64.16, 447, '{\"Vinyl\":10,\"Holographic\":10,\"Glitter\":10,\"Paper\":10,\"Die-Cut\":10,\"Decal\":10,\"Static-Cling\":10}', 'Wuthering Waves', 'newarrivals'),
(98, 'item_69194ed0914114.72878392.png', 'Danjin [4]', 'Danjin, baliw na Hu Tao.', 70.62, 345, '{\"Vinyl\":10,\"Holographic\":10,\"Glitter\":10,\"Paper\":10,\"Die-Cut\":10,\"Decal\":10,\"Static-Cling\":10}', 'Wuthering Waves', 'newarrivals'),
(99, 'item_69194ed0918a61.58559985.png', 'Danjin [5]', 'Danjin, baliw na Hu Tao.', 82.20, 467, '{\"Vinyl\":8,\"Holographic\":8,\"Glitter\":8,\"Paper\":8,\"Die-Cut\":8,\"Decal\":8,\"Static-Cling\":8}', 'Wuthering Waves', 'newarrivals'),
(100, 'item_69194fb044d4b1.46951625.png', 'Baizhi [1]', 'She is a researcher in Remnant Ecoacoustics at Huaxu Academy.', 56.39, 430, '{\"Vinyl\":11,\"Holographic\":11,\"Glitter\":11,\"Paper\":11,\"Die-Cut\":11,\"Decal\":11,\"Static-Cling\":11}', 'Wuthering Waves', 'shop'),
(101, 'item_69194fb0458a72.07069527.png', 'Baizhi [2]', 'She is a researcher in Remnant Ecoacoustics at Huaxu Academy.', 41.21, 379, '{\"Vinyl\":14,\"Holographic\":14,\"Glitter\":14,\"Paper\":14,\"Die-Cut\":14,\"Decal\":14,\"Static-Cling\":14}', 'Wuthering Waves', 'shop'),
(102, 'item_69194fb045c7c5.71760956.png', 'Baizhi [3]', 'She is a researcher in Remnant Ecoacoustics at Huaxu Academy.', 45.07, 442, '{\"Vinyl\":8,\"Holographic\":8,\"Glitter\":8,\"Paper\":8,\"Die-Cut\":8,\"Decal\":8,\"Static-Cling\":8}', 'Wuthering Waves', 'shop'),
(103, 'item_69194fb045f111.06288112.png', 'Baizhi [4]', 'She is a researcher in Remnant Ecoacoustics at Huaxu Academy.', 52.59, 374, '{\"Vinyl\":9,\"Holographic\":9,\"Glitter\":9,\"Paper\":9,\"Die-Cut\":9,\"Decal\":9,\"Static-Cling\":9}', 'Wuthering Waves', 'shop'),
(104, 'item_69194fb04623b5.27336259.png', 'Baizhi [5]', 'She is a researcher in Remnant Ecoacoustics at Huaxu Academy.', 12.29, 432, '{\"Vinyl\":5,\"Holographic\":5,\"Glitter\":5,\"Paper\":5,\"Die-Cut\":5,\"Decal\":5,\"Static-Cling\":5}', 'Wuthering Waves', 'shop'),
(105, 'item_69194fb0465380.84931224.png', 'Baizhi [6]', 'She is a researcher in Remnant Ecoacoustics at Huaxu Academy.', 86.80, 348, '{\"Vinyl\":11,\"Holographic\":11,\"Glitter\":11,\"Paper\":11,\"Die-Cut\":11,\"Decal\":11,\"Static-Cling\":11}', 'Wuthering Waves', 'shop'),
(106, 'item_69194fb0467be0.83057692.png', 'Baizhi [7]', 'She is a researcher in Remnant Ecoacoustics at Huaxu Academy.', 63.46, 198, '{\"Vinyl\":9,\"Holographic\":9,\"Glitter\":9,\"Paper\":9,\"Die-Cut\":9,\"Decal\":9,\"Static-Cling\":9}', 'Wuthering Waves', 'shop'),
(107, 'item_69194fb047d5a6.52425676.png', 'Baizhi [8]', 'She is a researcher in Remnant Ecoacoustics at Huaxu Academy.', 46.28, 387, '{\"Vinyl\":11,\"Holographic\":11,\"Glitter\":11,\"Paper\":11,\"Die-Cut\":11,\"Decal\":11,\"Static-Cling\":11}', 'Wuthering Waves', 'shop'),
(108, 'item_691951ebb53588.94720986.png', 'Yangyang [1]', 'She is an outrider of the Midnight Rangers.', 62.38, 459, '{\"Vinyl\":10,\"Holographic\":10,\"Glitter\":10,\"Paper\":10,\"Die-Cut\":10,\"Decal\":10,\"Static-Cling\":10}', 'Wuthering Waves', 'shop'),
(109, 'item_691951ebb64061.88224233.png', 'Yangyang [2]', 'She is an outrider of the Midnight Rangers.', 52.75, 280, '{\"Vinyl\":11,\"Holographic\":11,\"Glitter\":11,\"Paper\":11,\"Die-Cut\":11,\"Decal\":11,\"Static-Cling\":11}', 'Wuthering Waves', 'shop'),
(110, 'item_691951ebb7ff04.79393135.png', 'Yangyang [3]', 'She is an outrider of the Midnight Rangers.', 95.00, 332, '{\"Vinyl\":13,\"Holographic\":13,\"Glitter\":13,\"Paper\":13,\"Die-Cut\":13,\"Decal\":13,\"Static-Cling\":13}', 'Wuthering Waves', 'shop'),
(111, 'item_691951ebb842a1.39866634.png', 'Yangyang [4]', 'She is an outrider of the Midnight Rangers.', 23.91, 326, '{\"Vinyl\":12,\"Holographic\":12,\"Glitter\":12,\"Paper\":12,\"Die-Cut\":12,\"Decal\":12,\"Static-Cling\":12}', 'Wuthering Waves', 'shop'),
(112, 'item_691951ebb87675.98696503.png', 'Yangyang [5]', 'She is an outrider of the Midnight Rangers.', 11.09, 346, '{\"Vinyl\":10,\"Holographic\":10,\"Glitter\":10,\"Paper\":10,\"Die-Cut\":10,\"Decal\":10,\"Static-Cling\":10}', 'Wuthering Waves', 'shop'),
(113, 'item_691951ebb8aa11.20355337.png', 'Yangyang [6]', 'She is an outrider of the Midnight Rangers.', 80.82, 440, '{\"Vinyl\":12,\"Holographic\":12,\"Glitter\":12,\"Paper\":12,\"Die-Cut\":12,\"Decal\":12,\"Static-Cling\":12}', 'Wuthering Waves', 'shop'),
(114, 'item_691951ebb91b73.23578247.png', 'Yangyang [7]', 'She is an outrider of the Midnight Rangers.', 93.86, 446, '{\"Vinyl\":13,\"Holographic\":13,\"Glitter\":13,\"Paper\":13,\"Die-Cut\":13,\"Decal\":13,\"Static-Cling\":13}', 'Wuthering Waves', 'shop'),
(115, 'item_691951ebb959e6.74176769.png', 'Yangyang [8]', 'She is an outrider of the Midnight Rangers.', 91.20, 527, '{\"Vinyl\":12,\"Holographic\":12,\"Glitter\":12,\"Paper\":12,\"Die-Cut\":12,\"Decal\":12,\"Static-Cling\":12}', 'Wuthering Waves', 'shop'),
(133, 'item_6922a57bb1e5a0.31094447.jpg', 'Liv [1]', 'Liv - Eclipse, PGR character', 47.43, 471, NULL, 'Punishing Gray Raven', 'newarrivals'),
(134, 'item_6922a57bb2b390.66943445.jpg', 'Liv [2]', 'Liv - Eclipse, PGR character', 26.88, 415, NULL, 'Punishing Gray Raven', 'newarrivals'),
(135, 'item_6922a57bb34a24.57428199.jpg', 'Liv [3]', 'Liv - Eclipse, PGR character', 78.16, 444, NULL, 'Punishing Gray Raven', 'newarrivals'),
(136, 'item_6922a57bb3fe16.48139527.jpg', 'Liv [4]', 'Liv - Eclipse, PGR character', 44.99, 465, NULL, 'Punishing Gray Raven', 'newarrivals'),
(137, 'item_6922a57bb49230.34251126.jpg', 'Liv [5]', 'Liv - Eclipse, PGR character', 51.33, 515, NULL, 'Punishing Gray Raven', 'newarrivals'),
(138, 'item_6922a57bb509c0.09498408.jpg', 'Liv [6]', 'Liv - Eclipse, PGR character', 69.36, 406, NULL, 'Punishing Gray Raven', 'newarrivals'),
(139, 'item_6922a57bb5b3d3.30573113.jpg', 'Liv [7]', 'Liv - Eclipse, PGR character', 23.15, 454, NULL, 'Punishing Gray Raven', 'newarrivals'),
(140, 'item_6922a57bb64ec8.08884316.jpg', 'Liv [8]', 'Liv - Eclipse, PGR character', 65.55, 314, NULL, 'Punishing Gray Raven', 'newarrivals'),
(141, 'item_6922a57bb6ca91.15552235.jpg', 'Liv [9]', 'Liv - Eclipse, PGR character', 19.45, 231, NULL, 'Punishing Gray Raven', 'newarrivals'),
(142, 'item_6922a57bb7c496.95275280.jpg', 'Liv [10]', 'Liv - Eclipse, PGR character', 72.54, 460, NULL, 'Punishing Gray Raven', 'newarrivals'),
(143, 'item_6922a57bb830f8.63411663.jpg', 'Liv [11]', 'Liv - Eclipse, PGR character', 18.59, 370, NULL, 'Punishing Gray Raven', 'newarrivals'),
(144, 'item_6922a57bb898f8.55246950.jpg', 'Liv [12]', 'Liv - Eclipse, PGR character', 53.49, 460, NULL, 'Punishing Gray Raven', 'newarrivals'),
(145, 'item_6922a57bb90258.74181888.jpg', 'Liv [13]', 'Liv - Eclipse, PGR character', 25.26, 292, NULL, 'Punishing Gray Raven', 'newarrivals'),
(146, 'item_6922a57bba0bd0.67186398.jpg', 'Liv [14]', 'Liv - Eclipse, PGR character', 62.38, 343, NULL, 'Punishing Gray Raven', 'newarrivals'),
(147, 'item_6922a57bba7ad5.77658503.jpg', 'Liv [15]', 'Liv - Eclipse, PGR character', 22.79, 315, NULL, 'Punishing Gray Raven', 'newarrivals'),
(148, 'item_6922a57bbae1a2.85507263.jpg', 'Liv [16]', 'Liv - Eclipse, PGR character', 65.05, 426, NULL, 'Punishing Gray Raven', 'newarrivals'),
(149, 'item_6922a70996efe5.16382352.jpg', 'Anya Forger [1]', 'Anya is the deuteragonist of the SPY x FAMILY series.', 74.06, 389, NULL, 'Other', 'bestseller'),
(150, 'item_6922a70997bef5.48473652.jpg', 'Anya Forger [2]', 'Anya is the deuteragonist of the SPY x FAMILY series.', 22.95, 418, NULL, 'Other', 'bestseller'),
(151, 'item_6922a709986266.35341193.jpg', 'Anya Forger [3]', 'Anya is the deuteragonist of the SPY x FAMILY series.', 66.71, 473, NULL, 'Other', 'bestseller'),
(152, 'item_6922a709991201.05587819.jpg', 'Anya Forger [4]', 'Anya is the deuteragonist of the SPY x FAMILY series.', 61.20, 390, NULL, 'Other', 'bestseller'),
(153, 'item_6922a70999a306.23030711.jpg', 'Anya Forger [5]', 'Anya is the deuteragonist of the SPY x FAMILY series.', 39.94, 423, NULL, 'Other', 'bestseller'),
(154, 'item_6922a7099accd6.83673057.jpg', 'Anya Forger [6]', 'Anya is the deuteragonist of the SPY x FAMILY series.', 20.67, 331, NULL, 'Other', 'bestseller'),
(155, 'item_6922a7099b45e6.34946954.jpg', 'Anya Forger [7]', 'Anya is the deuteragonist of the SPY x FAMILY series.', 97.99, 341, NULL, 'Other', 'bestseller'),
(156, 'item_6922a7099bb4c6.55336446.jpg', 'Anya Forger [8]', 'Anya is the deuteragonist of the SPY x FAMILY series.', 74.24, 439, NULL, 'Other', 'bestseller'),
(157, 'item_6922a7099c1941.86106820.jpg', 'Anya Forger [9]', 'Anya is the deuteragonist of the SPY x FAMILY series.', 72.95, 318, NULL, 'Other', 'bestseller');

-- --------------------------------------------------------

--
-- Table structure for table `item_stock`
--

CREATE TABLE `item_stock` (
  `id` int(11) NOT NULL,
  `item_id` int(11) NOT NULL,
  `paper_type` varchar(50) NOT NULL,
  `stock` int(11) DEFAULT 0
) ENGINE=InnoDB DEFAULT CHARSET=utf8mb4 COLLATE=utf8mb4_general_ci;

--
-- Dumping data for table `item_stock`
--

INSERT INTO `item_stock` (`id`, `item_id`, `paper_type`, `stock`) VALUES
(7, 4, 'Vinyl', 91),
(8, 4, 'Holographic', 32),
(9, 4, 'Glitter', 63),
(10, 4, 'Paper', 30),
(11, 4, 'Die-Cut', 45),
(12, 4, 'Decal', 66),
(13, 4, 'Static-Cling', 80),
(14, 7, 'Vinyl', 96),
(15, 7, 'Holographic', 27),
(16, 7, 'Glitter', 37),
(17, 7, 'Paper', 46),
(18, 7, 'Die-Cut', 80),
(19, 7, 'Decal', 58),
(20, 7, 'Static-Cling', 13),
(21, 9, 'Vinyl', 10),
(22, 9, 'Holographic', 62),
(23, 9, 'Glitter', 13),
(24, 9, 'Paper', 78),
(25, 9, 'Die-Cut', 61),
(26, 9, 'Decal', 11),
(27, 9, 'Static-Cling', 84),
(28, 12, 'Vinyl', 47),
(29, 12, 'Holographic', 80),
(30, 12, 'Glitter', 79),
(31, 12, 'Paper', 88),
(32, 12, 'Die-Cut', 28),
(33, 12, 'Decal', 35),
(34, 12, 'Static-Cling', 11),
(35, 13, 'Vinyl', 53),
(36, 13, 'Holographic', 37),
(37, 13, 'Glitter', 34),
(38, 13, 'Paper', 18),
(39, 13, 'Die-Cut', 75),
(40, 13, 'Decal', 59),
(41, 13, 'Static-Cling', 17),
(42, 14, 'Vinyl', 50),
(43, 14, 'Holographic', 28),
(44, 14, 'Glitter', 80),
(45, 14, 'Paper', 60),
(46, 14, 'Die-Cut', 81),
(47, 14, 'Decal', 47),
(48, 14, 'Static-Cling', 13),
(49, 15, 'Vinyl', 26),
(50, 15, 'Holographic', 83),
(51, 15, 'Glitter', 50),
(52, 15, 'Paper', 30),
(53, 15, 'Die-Cut', 90),
(54, 15, 'Decal', 56),
(55, 15, 'Static-Cling', 78),
(56, 16, 'Vinyl', 12),
(57, 16, 'Holographic', 90),
(58, 16, 'Glitter', 32),
(59, 16, 'Paper', 57),
(60, 16, 'Die-Cut', 33),
(61, 16, 'Decal', 60),
(62, 16, 'Static-Cling', 99),
(63, 17, 'Vinyl', 43),
(64, 17, 'Holographic', 84),
(65, 17, 'Glitter', 36),
(66, 17, 'Paper', 21),
(67, 17, 'Die-Cut', 15),
(68, 17, 'Decal', 79),
(69, 17, 'Static-Cling', 67),
(70, 18, 'Vinyl', 79),
(71, 18, 'Holographic', 91),
(72, 18, 'Glitter', 30),
(73, 18, 'Paper', 85),
(74, 18, 'Die-Cut', 44),
(75, 18, 'Decal', 81),
(76, 18, 'Static-Cling', 11),
(77, 20, 'Vinyl', 87),
(78, 20, 'Holographic', 88),
(79, 20, 'Glitter', 74),
(80, 20, 'Paper', 99),
(81, 20, 'Die-Cut', 41),
(82, 20, 'Decal', 10),
(83, 20, 'Static-Cling', 88),
(84, 21, 'Vinyl', 36),
(85, 21, 'Holographic', 19),
(86, 21, 'Glitter', 57),
(87, 21, 'Paper', 14),
(88, 21, 'Die-Cut', 52),
(89, 21, 'Decal', 11),
(90, 21, 'Static-Cling', 68),
(91, 22, 'Vinyl', 11),
(92, 22, 'Holographic', 49),
(93, 22, 'Glitter', 55),
(94, 22, 'Paper', 99),
(95, 22, 'Die-Cut', 40),
(96, 22, 'Decal', 78),
(97, 22, 'Static-Cling', 39),
(98, 23, 'Vinyl', 37),
(99, 23, 'Holographic', 22),
(100, 23, 'Glitter', 56),
(101, 23, 'Paper', 50),
(102, 23, 'Die-Cut', 26),
(103, 23, 'Decal', 36),
(104, 23, 'Static-Cling', 80),
(105, 24, 'Vinyl', 20),
(106, 24, 'Holographic', 71),
(107, 24, 'Glitter', 30),
(108, 24, 'Paper', 41),
(109, 24, 'Die-Cut', 23),
(110, 24, 'Decal', 28),
(111, 24, 'Static-Cling', 33),
(112, 25, 'Vinyl', 34),
(113, 25, 'Holographic', 49),
(114, 25, 'Glitter', 17),
(115, 25, 'Paper', 88),
(116, 25, 'Die-Cut', 24),
(117, 25, 'Decal', 96),
(118, 25, 'Static-Cling', 12),
(119, 26, 'Vinyl', 83),
(120, 26, 'Holographic', 74),
(121, 26, 'Glitter', 18),
(122, 26, 'Paper', 87),
(123, 26, 'Die-Cut', 79),
(124, 26, 'Decal', 39),
(125, 26, 'Static-Cling', 94),
(126, 27, 'Vinyl', 30),
(127, 27, 'Holographic', 90),
(128, 27, 'Glitter', 27),
(129, 27, 'Paper', 76),
(130, 27, 'Die-Cut', 40),
(131, 27, 'Decal', 82),
(132, 27, 'Static-Cling', 58),
(133, 28, 'Vinyl', 19),
(134, 28, 'Holographic', 16),
(135, 28, 'Glitter', 40),
(136, 28, 'Paper', 80),
(137, 28, 'Die-Cut', 87),
(138, 28, 'Decal', 58),
(139, 28, 'Static-Cling', 16),
(140, 29, 'Vinyl', 34),
(141, 29, 'Holographic', 95),
(142, 29, 'Glitter', 17),
(143, 29, 'Paper', 89),
(144, 29, 'Die-Cut', 96),
(145, 29, 'Decal', 37),
(146, 29, 'Static-Cling', 52),
(147, 30, 'Vinyl', 91),
(148, 30, 'Holographic', 75),
(149, 30, 'Glitter', 70),
(150, 30, 'Paper', 38),
(151, 30, 'Die-Cut', 81),
(152, 30, 'Decal', 89),
(153, 30, 'Static-Cling', 99),
(154, 31, 'Vinyl', 58),
(155, 31, 'Holographic', 88),
(156, 31, 'Glitter', 69),
(157, 31, 'Paper', 74),
(158, 31, 'Die-Cut', 98),
(159, 31, 'Decal', 50),
(160, 31, 'Static-Cling', 40),
(161, 32, 'Vinyl', 99),
(162, 32, 'Holographic', 99),
(163, 32, 'Glitter', 22),
(164, 32, 'Paper', 14),
(165, 32, 'Die-Cut', 31),
(166, 32, 'Decal', 86),
(167, 32, 'Static-Cling', 95),
(168, 33, 'Vinyl', 90),
(169, 33, 'Holographic', 60),
(170, 33, 'Glitter', 90),
(171, 33, 'Paper', 97),
(172, 33, 'Die-Cut', 49),
(173, 33, 'Decal', 66),
(174, 33, 'Static-Cling', 48),
(175, 34, 'Vinyl', 41),
(176, 34, 'Holographic', 14),
(177, 34, 'Glitter', 15),
(178, 34, 'Paper', 79),
(179, 34, 'Die-Cut', 82),
(180, 34, 'Decal', 59),
(181, 34, 'Static-Cling', 36),
(182, 35, 'Vinyl', 62),
(183, 35, 'Holographic', 53),
(184, 35, 'Glitter', 41),
(185, 35, 'Paper', 82),
(186, 35, 'Die-Cut', 99),
(187, 35, 'Decal', 85),
(188, 35, 'Static-Cling', 83),
(189, 36, 'Vinyl', 21),
(190, 36, 'Holographic', 74),
(191, 36, 'Glitter', 21),
(192, 36, 'Paper', 43),
(193, 36, 'Die-Cut', 39),
(194, 36, 'Decal', 71),
(195, 36, 'Static-Cling', 88),
(196, 37, 'Vinyl', 23),
(197, 37, 'Holographic', 89),
(198, 37, 'Glitter', 77),
(199, 37, 'Paper', 29),
(200, 37, 'Die-Cut', 36),
(201, 37, 'Decal', 33),
(202, 37, 'Static-Cling', 85),
(203, 38, 'Vinyl', 29),
(204, 38, 'Holographic', 76),
(205, 38, 'Glitter', 49),
(206, 38, 'Paper', 16),
(207, 38, 'Die-Cut', 67),
(208, 38, 'Decal', 77),
(209, 38, 'Static-Cling', 13),
(210, 39, 'Vinyl', 18),
(211, 39, 'Holographic', 36),
(212, 39, 'Glitter', 77),
(213, 39, 'Paper', 95),
(214, 39, 'Die-Cut', 99),
(215, 39, 'Decal', 34),
(216, 39, 'Static-Cling', 42),
(217, 40, 'Vinyl', 82),
(218, 40, 'Holographic', 80),
(219, 40, 'Glitter', 15),
(220, 40, 'Paper', 76),
(221, 40, 'Die-Cut', 58),
(222, 40, 'Decal', 87),
(223, 40, 'Static-Cling', 30),
(224, 41, 'Vinyl', 65),
(225, 41, 'Holographic', 67),
(226, 41, 'Glitter', 49),
(227, 41, 'Paper', 49),
(228, 41, 'Die-Cut', 97),
(229, 41, 'Decal', 22),
(230, 41, 'Static-Cling', 45),
(231, 42, 'Vinyl', 88),
(232, 42, 'Holographic', 82),
(233, 42, 'Glitter', 64),
(234, 42, 'Paper', 24),
(235, 42, 'Die-Cut', 26),
(236, 42, 'Decal', 29),
(237, 42, 'Static-Cling', 17),
(238, 43, 'Vinyl', 81),
(239, 43, 'Holographic', 46),
(240, 43, 'Glitter', 53),
(241, 43, 'Paper', 48),
(242, 43, 'Die-Cut', 30),
(243, 43, 'Decal', 41),
(244, 43, 'Static-Cling', 24),
(245, 44, 'Vinyl', 14),
(246, 44, 'Holographic', 67),
(247, 44, 'Glitter', 14),
(248, 44, 'Paper', 49),
(249, 44, 'Die-Cut', 90),
(250, 44, 'Decal', 23),
(251, 44, 'Static-Cling', 36),
(252, 45, 'Vinyl', 96),
(253, 45, 'Holographic', 50),
(254, 45, 'Glitter', 38),
(255, 45, 'Paper', 28),
(256, 45, 'Die-Cut', 41),
(257, 45, 'Decal', 77),
(258, 45, 'Static-Cling', 63),
(259, 46, 'Vinyl', 75),
(260, 46, 'Holographic', 58),
(261, 46, 'Glitter', 22),
(262, 46, 'Paper', 26),
(263, 46, 'Die-Cut', 63),
(264, 46, 'Decal', 65),
(265, 46, 'Static-Cling', 12),
(266, 47, 'Vinyl', 35),
(267, 47, 'Holographic', 31),
(268, 47, 'Glitter', 51),
(269, 47, 'Paper', 97),
(270, 47, 'Die-Cut', 82),
(271, 47, 'Decal', 39),
(272, 47, 'Static-Cling', 59),
(273, 48, 'Vinyl', 95),
(274, 48, 'Holographic', 39),
(275, 48, 'Glitter', 88),
(276, 48, 'Paper', 73),
(277, 48, 'Die-Cut', 91),
(278, 48, 'Decal', 22),
(279, 48, 'Static-Cling', 27),
(280, 49, 'Vinyl', 74),
(281, 49, 'Holographic', 29),
(282, 49, 'Glitter', 62),
(283, 49, 'Paper', 78),
(284, 49, 'Die-Cut', 63),
(285, 49, 'Decal', 95),
(286, 49, 'Static-Cling', 48),
(287, 50, 'Vinyl', 78),
(288, 50, 'Holographic', 85),
(289, 50, 'Glitter', 74),
(290, 50, 'Paper', 34),
(291, 50, 'Die-Cut', 36),
(292, 50, 'Decal', 34),
(293, 50, 'Static-Cling', 71),
(294, 51, 'Vinyl', 87),
(295, 51, 'Holographic', 68),
(296, 51, 'Glitter', 57),
(297, 51, 'Paper', 11),
(298, 51, 'Die-Cut', 71),
(299, 51, 'Decal', 41),
(300, 51, 'Static-Cling', 64),
(301, 52, 'Vinyl', 76),
(302, 52, 'Holographic', 71),
(303, 52, 'Glitter', 77),
(304, 52, 'Paper', 54),
(305, 52, 'Die-Cut', 71),
(306, 52, 'Decal', 47),
(307, 52, 'Static-Cling', 48),
(308, 53, 'Vinyl', 27),
(309, 53, 'Holographic', 82),
(310, 53, 'Glitter', 57),
(311, 53, 'Paper', 86),
(312, 53, 'Die-Cut', 19),
(313, 53, 'Decal', 47),
(314, 53, 'Static-Cling', 48),
(315, 54, 'Vinyl', 21),
(316, 54, 'Holographic', 63),
(317, 54, 'Glitter', 37),
(318, 54, 'Paper', 88),
(319, 54, 'Die-Cut', 28),
(320, 54, 'Decal', 29),
(321, 54, 'Static-Cling', 86),
(322, 55, 'Vinyl', 39),
(323, 55, 'Holographic', 52),
(324, 55, 'Glitter', 21),
(325, 55, 'Paper', 69),
(326, 55, 'Die-Cut', 79),
(327, 55, 'Decal', 75),
(328, 55, 'Static-Cling', 44),
(329, 56, 'Vinyl', 46),
(330, 56, 'Holographic', 62),
(331, 56, 'Glitter', 34),
(332, 56, 'Paper', 83),
(333, 56, 'Die-Cut', 28),
(334, 56, 'Decal', 13),
(335, 56, 'Static-Cling', 14),
(336, 57, 'Vinyl', 91),
(337, 57, 'Holographic', 67),
(338, 57, 'Glitter', 41),
(339, 57, 'Paper', 21),
(340, 57, 'Die-Cut', 61),
(341, 57, 'Decal', 88),
(342, 57, 'Static-Cling', 22),
(343, 60, 'Vinyl', 32),
(344, 60, 'Holographic', 73),
(345, 60, 'Glitter', 24),
(346, 60, 'Paper', 82),
(347, 60, 'Die-Cut', 85),
(348, 60, 'Decal', 35),
(349, 60, 'Static-Cling', 39),
(350, 61, 'Vinyl', 12),
(351, 61, 'Holographic', 26),
(352, 61, 'Glitter', 30),
(353, 61, 'Paper', 79),
(354, 61, 'Die-Cut', 36),
(355, 61, 'Decal', 18),
(356, 61, 'Static-Cling', 20),
(357, 62, 'Vinyl', 30),
(358, 62, 'Holographic', 52),
(359, 62, 'Glitter', 58),
(360, 62, 'Paper', 68),
(361, 62, 'Die-Cut', 15),
(362, 62, 'Decal', 37),
(363, 62, 'Static-Cling', 67),
(364, 63, 'Vinyl', 12),
(365, 63, 'Holographic', 68),
(366, 63, 'Glitter', 19),
(367, 63, 'Paper', 26),
(368, 63, 'Die-Cut', 20),
(369, 63, 'Decal', 63),
(370, 63, 'Static-Cling', 99),
(371, 64, 'Vinyl', 85),
(372, 64, 'Holographic', 59),
(373, 64, 'Glitter', 75),
(374, 64, 'Paper', 68),
(375, 64, 'Die-Cut', 14),
(376, 64, 'Decal', 90),
(377, 64, 'Static-Cling', 37),
(378, 65, 'Vinyl', 15),
(379, 65, 'Holographic', 84),
(380, 65, 'Glitter', 40),
(381, 65, 'Paper', 80),
(382, 65, 'Die-Cut', 69),
(383, 65, 'Decal', 11),
(384, 65, 'Static-Cling', 83),
(385, 66, 'Vinyl', 40),
(386, 66, 'Holographic', 76),
(387, 66, 'Glitter', 98),
(388, 66, 'Paper', 50),
(389, 66, 'Die-Cut', 85),
(390, 66, 'Decal', 23),
(391, 66, 'Static-Cling', 65),
(392, 67, 'Vinyl', 35),
(393, 67, 'Holographic', 11),
(394, 67, 'Glitter', 89),
(395, 67, 'Paper', 70),
(396, 67, 'Die-Cut', 70),
(397, 67, 'Decal', 45),
(398, 67, 'Static-Cling', 44),
(399, 68, 'Vinyl', 31),
(400, 68, 'Holographic', 43),
(401, 68, 'Glitter', 73),
(402, 68, 'Paper', 78),
(403, 68, 'Die-Cut', 45),
(404, 68, 'Decal', 44),
(405, 68, 'Static-Cling', 93),
(406, 69, 'Vinyl', 67),
(407, 69, 'Holographic', 18),
(408, 69, 'Glitter', 63),
(409, 69, 'Paper', 44),
(410, 69, 'Die-Cut', 31),
(411, 69, 'Decal', 97),
(412, 69, 'Static-Cling', 96),
(413, 70, 'Vinyl', 62),
(414, 70, 'Holographic', 75),
(415, 70, 'Glitter', 11),
(416, 70, 'Paper', 58),
(417, 70, 'Die-Cut', 55),
(418, 70, 'Decal', 66),
(419, 70, 'Static-Cling', 51),
(420, 71, 'Vinyl', 49),
(421, 71, 'Holographic', 32),
(422, 71, 'Glitter', 83),
(423, 71, 'Paper', 14),
(424, 71, 'Die-Cut', 37),
(425, 71, 'Decal', 58),
(426, 71, 'Static-Cling', 29),
(427, 72, 'Vinyl', 35),
(428, 72, 'Holographic', 40),
(429, 72, 'Glitter', 65),
(430, 72, 'Paper', 37),
(431, 72, 'Die-Cut', 63),
(432, 72, 'Decal', 28),
(433, 72, 'Static-Cling', 28),
(434, 73, 'Vinyl', 65),
(435, 73, 'Holographic', 25),
(436, 73, 'Glitter', 10),
(437, 73, 'Paper', 94),
(438, 73, 'Die-Cut', 74),
(439, 73, 'Decal', 39),
(440, 73, 'Static-Cling', 82),
(441, 74, 'Vinyl', 82),
(442, 74, 'Holographic', 68),
(443, 74, 'Glitter', 57),
(444, 74, 'Paper', 35),
(445, 74, 'Die-Cut', 65),
(446, 74, 'Decal', 62),
(447, 74, 'Static-Cling', 35),
(448, 75, 'Vinyl', 82),
(449, 75, 'Holographic', 48),
(450, 75, 'Glitter', 90),
(451, 75, 'Paper', 70),
(452, 75, 'Die-Cut', 62),
(453, 75, 'Decal', 72),
(454, 75, 'Static-Cling', 18),
(455, 76, 'Vinyl', 19),
(456, 76, 'Holographic', 66),
(457, 76, 'Glitter', 74),
(458, 76, 'Paper', 99),
(459, 76, 'Die-Cut', 27),
(460, 76, 'Decal', 97),
(461, 76, 'Static-Cling', 78),
(462, 77, 'Vinyl', 23),
(463, 77, 'Holographic', 47),
(464, 77, 'Glitter', 39),
(465, 77, 'Paper', 23),
(466, 77, 'Die-Cut', 72),
(467, 77, 'Decal', 35),
(468, 77, 'Static-Cling', 90),
(469, 78, 'Vinyl', 11),
(470, 78, 'Holographic', 59),
(471, 78, 'Glitter', 95),
(472, 78, 'Paper', 45),
(473, 78, 'Die-Cut', 21),
(474, 78, 'Decal', 22),
(475, 78, 'Static-Cling', 89),
(476, 79, 'Vinyl', 16),
(477, 79, 'Holographic', 15),
(478, 79, 'Glitter', 44),
(479, 79, 'Paper', 62),
(480, 79, 'Die-Cut', 64),
(481, 79, 'Decal', 80),
(482, 79, 'Static-Cling', 96),
(483, 80, 'Vinyl', 69),
(484, 80, 'Holographic', 11),
(485, 80, 'Glitter', 84),
(486, 80, 'Paper', 98),
(487, 80, 'Die-Cut', 82),
(488, 80, 'Decal', 97),
(489, 80, 'Static-Cling', 78),
(490, 81, 'Vinyl', 73),
(491, 81, 'Holographic', 58),
(492, 81, 'Glitter', 35),
(493, 81, 'Paper', 36),
(494, 81, 'Die-Cut', 46),
(495, 81, 'Decal', 24),
(496, 81, 'Static-Cling', 54),
(497, 82, 'Vinyl', 81),
(498, 82, 'Holographic', 57),
(499, 82, 'Glitter', 23),
(500, 82, 'Paper', 20),
(501, 82, 'Die-Cut', 86),
(502, 82, 'Decal', 76),
(503, 82, 'Static-Cling', 17),
(504, 83, 'Vinyl', 64),
(505, 83, 'Holographic', 37),
(506, 83, 'Glitter', 99),
(507, 83, 'Paper', 46),
(508, 83, 'Die-Cut', 79),
(509, 83, 'Decal', 69),
(510, 83, 'Static-Cling', 66),
(511, 84, 'Vinyl', 75),
(512, 84, 'Holographic', 47),
(513, 84, 'Glitter', 85),
(514, 84, 'Paper', 26),
(515, 84, 'Die-Cut', 19),
(516, 84, 'Decal', 32),
(517, 84, 'Static-Cling', 33),
(518, 85, 'Vinyl', 21),
(519, 85, 'Holographic', 83),
(520, 85, 'Glitter', 19),
(521, 85, 'Paper', 61),
(522, 85, 'Die-Cut', 93),
(523, 85, 'Decal', 95),
(524, 85, 'Static-Cling', 51),
(525, 86, 'Vinyl', 88),
(526, 86, 'Holographic', 73),
(527, 86, 'Glitter', 71),
(528, 86, 'Paper', 22),
(529, 86, 'Die-Cut', 24),
(530, 86, 'Decal', 70),
(531, 86, 'Static-Cling', 81),
(532, 87, 'Vinyl', 61),
(533, 87, 'Holographic', 16),
(534, 87, 'Glitter', 79),
(535, 87, 'Paper', 16),
(536, 87, 'Die-Cut', 93),
(537, 87, 'Decal', 82),
(538, 87, 'Static-Cling', 69),
(539, 88, 'Vinyl', 90),
(540, 88, 'Holographic', 89),
(541, 88, 'Glitter', 68),
(542, 88, 'Paper', 40),
(543, 88, 'Die-Cut', 62),
(544, 88, 'Decal', 51),
(545, 88, 'Static-Cling', 40),
(546, 89, 'Vinyl', 38),
(547, 89, 'Holographic', 10),
(548, 89, 'Glitter', 12),
(549, 89, 'Paper', 95),
(550, 89, 'Die-Cut', 40),
(551, 89, 'Decal', 46),
(552, 89, 'Static-Cling', 86),
(553, 90, 'Vinyl', 39),
(554, 90, 'Holographic', 21),
(555, 90, 'Glitter', 95),
(556, 90, 'Paper', 88),
(557, 90, 'Die-Cut', 70),
(558, 90, 'Decal', 24),
(559, 90, 'Static-Cling', 46),
(560, 91, 'Vinyl', 91),
(561, 91, 'Holographic', 97),
(562, 91, 'Glitter', 35),
(563, 91, 'Paper', 95),
(564, 91, 'Die-Cut', 27),
(565, 91, 'Decal', 92),
(566, 91, 'Static-Cling', 50),
(567, 92, 'Vinyl', 97),
(568, 92, 'Holographic', 61),
(569, 92, 'Glitter', 52),
(570, 92, 'Paper', 87),
(571, 92, 'Die-Cut', 15),
(572, 92, 'Decal', 85),
(573, 92, 'Static-Cling', 12),
(574, 93, 'Vinyl', 84),
(575, 93, 'Holographic', 62),
(576, 93, 'Glitter', 80),
(577, 93, 'Paper', 61),
(578, 93, 'Die-Cut', 15),
(579, 93, 'Decal', 22),
(580, 93, 'Static-Cling', 39),
(581, 95, 'Vinyl', 13),
(582, 95, 'Holographic', 14),
(583, 95, 'Glitter', 87),
(584, 95, 'Paper', 63),
(585, 95, 'Die-Cut', 65),
(586, 95, 'Decal', 71),
(587, 95, 'Static-Cling', 22),
(588, 96, 'Vinyl', 9),
(589, 96, 'Holographic', 10),
(590, 96, 'Glitter', 54),
(591, 96, 'Paper', 60),
(592, 96, 'Die-Cut', 77),
(593, 96, 'Decal', 69),
(594, 96, 'Static-Cling', 63),
(595, 97, 'Vinyl', 54),
(596, 97, 'Holographic', 98),
(597, 97, 'Glitter', 64),
(598, 97, 'Paper', 14),
(599, 97, 'Die-Cut', 76),
(600, 97, 'Decal', 56),
(601, 97, 'Static-Cling', 85),
(602, 98, 'Vinyl', 82),
(603, 98, 'Holographic', 76),
(604, 98, 'Glitter', 13),
(605, 98, 'Paper', 79),
(606, 98, 'Die-Cut', 47),
(607, 98, 'Decal', 19),
(608, 98, 'Static-Cling', 29),
(609, 99, 'Vinyl', 88),
(610, 99, 'Holographic', 53),
(611, 99, 'Glitter', 67),
(612, 99, 'Paper', 74),
(613, 99, 'Die-Cut', 82),
(614, 99, 'Decal', 86),
(615, 99, 'Static-Cling', 17),
(616, 100, 'Vinyl', 82),
(617, 100, 'Holographic', 78),
(618, 100, 'Glitter', 75),
(619, 100, 'Paper', 23),
(620, 100, 'Die-Cut', 82),
(621, 100, 'Decal', 13),
(622, 100, 'Static-Cling', 77),
(623, 101, 'Vinyl', 67),
(624, 101, 'Holographic', 32),
(625, 101, 'Glitter', 45),
(626, 101, 'Paper', 54),
(627, 101, 'Die-Cut', 28),
(628, 101, 'Decal', 62),
(629, 101, 'Static-Cling', 91),
(630, 102, 'Vinyl', 66),
(631, 102, 'Holographic', 51),
(632, 102, 'Glitter', 73),
(633, 102, 'Paper', 81),
(634, 102, 'Die-Cut', 22),
(635, 102, 'Decal', 92),
(636, 102, 'Static-Cling', 57),
(637, 103, 'Vinyl', 93),
(638, 103, 'Holographic', 14),
(639, 103, 'Glitter', 66),
(640, 103, 'Paper', 22),
(641, 103, 'Die-Cut', 53),
(642, 103, 'Decal', 43),
(643, 103, 'Static-Cling', 83),
(644, 104, 'Vinyl', 29),
(645, 104, 'Holographic', 81),
(646, 104, 'Glitter', 99),
(647, 104, 'Paper', 20),
(648, 104, 'Die-Cut', 49),
(649, 104, 'Decal', 92),
(650, 104, 'Static-Cling', 62),
(651, 105, 'Vinyl', 68),
(652, 105, 'Holographic', 13),
(653, 105, 'Glitter', 18),
(654, 105, 'Paper', 45),
(655, 105, 'Die-Cut', 42),
(656, 105, 'Decal', 94),
(657, 105, 'Static-Cling', 68),
(658, 106, 'Vinyl', 11),
(659, 106, 'Holographic', 47),
(660, 106, 'Glitter', 29),
(661, 106, 'Paper', 36),
(662, 106, 'Die-Cut', 20),
(663, 106, 'Decal', 45),
(664, 106, 'Static-Cling', 10),
(665, 107, 'Vinyl', 45),
(666, 107, 'Holographic', 32),
(667, 107, 'Glitter', 62),
(668, 107, 'Paper', 62),
(669, 107, 'Die-Cut', 71),
(670, 107, 'Decal', 62),
(671, 107, 'Static-Cling', 53),
(672, 108, 'Vinyl', 91),
(673, 108, 'Holographic', 26),
(674, 108, 'Glitter', 79),
(675, 108, 'Paper', 59),
(676, 108, 'Die-Cut', 50),
(677, 108, 'Decal', 77),
(678, 108, 'Static-Cling', 77),
(679, 109, 'Vinyl', 30),
(680, 109, 'Holographic', 70),
(681, 109, 'Glitter', 34),
(682, 109, 'Paper', 36),
(683, 109, 'Die-Cut', 31),
(684, 109, 'Decal', 68),
(685, 109, 'Static-Cling', 11),
(686, 110, 'Vinyl', 36),
(687, 110, 'Holographic', 49),
(688, 110, 'Glitter', 32),
(689, 110, 'Paper', 94),
(690, 110, 'Die-Cut', 38),
(691, 110, 'Decal', 13),
(692, 110, 'Static-Cling', 70),
(693, 111, 'Vinyl', 63),
(694, 111, 'Holographic', 57),
(695, 111, 'Glitter', 86),
(696, 111, 'Paper', 30),
(697, 111, 'Die-Cut', 50),
(698, 111, 'Decal', 29),
(699, 111, 'Static-Cling', 11),
(700, 112, 'Vinyl', 36),
(701, 112, 'Holographic', 72),
(702, 112, 'Glitter', 19),
(703, 112, 'Paper', 87),
(704, 112, 'Die-Cut', 64),
(705, 112, 'Decal', 26),
(706, 112, 'Static-Cling', 42),
(707, 113, 'Vinyl', 84),
(708, 113, 'Holographic', 95),
(709, 113, 'Glitter', 70),
(710, 113, 'Paper', 30),
(711, 113, 'Die-Cut', 54),
(712, 113, 'Decal', 19),
(713, 113, 'Static-Cling', 88),
(714, 114, 'Vinyl', 94),
(715, 114, 'Holographic', 76),
(716, 114, 'Glitter', 58),
(717, 114, 'Paper', 86),
(718, 114, 'Die-Cut', 10),
(719, 114, 'Decal', 28),
(720, 114, 'Static-Cling', 94),
(721, 115, 'Vinyl', 89),
(722, 115, 'Holographic', 89),
(723, 115, 'Glitter', 77),
(724, 115, 'Paper', 32),
(725, 115, 'Die-Cut', 80),
(726, 115, 'Decal', 82),
(727, 115, 'Static-Cling', 78),
(3500, 133, 'Vinyl', 75),
(3501, 133, 'Holographic', 83),
(3502, 133, 'Glitter', 78),
(3503, 133, 'Paper', 88),
(3504, 133, 'Die-Cut', 83),
(3505, 133, 'Decal', 35),
(3506, 133, 'Static-Cling', 29),
(3507, 134, 'Vinyl', 75),
(3508, 134, 'Holographic', 20),
(3509, 134, 'Glitter', 87),
(3510, 134, 'Paper', 91),
(3511, 134, 'Die-Cut', 45),
(3512, 134, 'Decal', 42),
(3513, 134, 'Static-Cling', 55),
(3514, 135, 'Vinyl', 34),
(3515, 135, 'Holographic', 73),
(3516, 135, 'Glitter', 98),
(3517, 135, 'Paper', 48),
(3518, 135, 'Die-Cut', 68),
(3519, 135, 'Decal', 32),
(3520, 135, 'Static-Cling', 91),
(3521, 136, 'Vinyl', 59),
(3522, 136, 'Holographic', 19),
(3523, 136, 'Glitter', 84),
(3524, 136, 'Paper', 65),
(3525, 136, 'Die-Cut', 98),
(3526, 136, 'Decal', 77),
(3527, 136, 'Static-Cling', 63),
(3528, 137, 'Vinyl', 95),
(3529, 137, 'Holographic', 37),
(3530, 137, 'Glitter', 75),
(3531, 137, 'Paper', 37),
(3532, 137, 'Die-Cut', 86),
(3533, 137, 'Decal', 95),
(3534, 137, 'Static-Cling', 90),
(3535, 138, 'Vinyl', 81),
(3536, 138, 'Holographic', 96),
(3537, 138, 'Glitter', 29),
(3538, 138, 'Paper', 72),
(3539, 138, 'Die-Cut', 55),
(3540, 138, 'Decal', 37),
(3541, 138, 'Static-Cling', 36),
(3542, 139, 'Vinyl', 56),
(3543, 139, 'Holographic', 84),
(3544, 139, 'Glitter', 98),
(3545, 139, 'Paper', 40),
(3546, 139, 'Die-Cut', 39),
(3547, 139, 'Decal', 70),
(3548, 139, 'Static-Cling', 67),
(3549, 140, 'Vinyl', 37),
(3550, 140, 'Holographic', 82),
(3551, 140, 'Glitter', 33),
(3552, 140, 'Paper', 82),
(3553, 140, 'Die-Cut', 51),
(3554, 140, 'Decal', 17),
(3555, 140, 'Static-Cling', 12),
(3556, 141, 'Vinyl', 18),
(3557, 141, 'Holographic', 24),
(3558, 141, 'Glitter', 26),
(3559, 141, 'Paper', 66),
(3560, 141, 'Die-Cut', 26),
(3561, 141, 'Decal', 51),
(3562, 141, 'Static-Cling', 20),
(3563, 142, 'Vinyl', 62),
(3564, 142, 'Holographic', 69),
(3565, 142, 'Glitter', 84),
(3566, 142, 'Paper', 66),
(3567, 142, 'Die-Cut', 79),
(3568, 142, 'Decal', 53),
(3569, 142, 'Static-Cling', 47),
(3570, 143, 'Vinyl', 56),
(3571, 143, 'Holographic', 11),
(3572, 143, 'Glitter', 38),
(3573, 143, 'Paper', 91),
(3574, 143, 'Die-Cut', 25),
(3575, 143, 'Decal', 72),
(3576, 143, 'Static-Cling', 77),
(3577, 144, 'Vinyl', 81),
(3578, 144, 'Holographic', 84),
(3579, 144, 'Glitter', 77),
(3580, 144, 'Paper', 35),
(3581, 144, 'Die-Cut', 93),
(3582, 144, 'Decal', 49),
(3583, 144, 'Static-Cling', 41),
(3584, 145, 'Vinyl', 17),
(3585, 145, 'Holographic', 22),
(3586, 145, 'Glitter', 19),
(3587, 145, 'Paper', 44),
(3588, 145, 'Die-Cut', 58),
(3589, 145, 'Decal', 77),
(3590, 145, 'Static-Cling', 55),
(3591, 146, 'Vinyl', 46),
(3592, 146, 'Holographic', 30),
(3593, 146, 'Glitter', 88),
(3594, 146, 'Paper', 60),
(3595, 146, 'Die-Cut', 41),
(3596, 146, 'Decal', 42),
(3597, 146, 'Static-Cling', 36),
(3598, 147, 'Vinyl', 97),
(3599, 147, 'Holographic', 10),
(3600, 147, 'Glitter', 68),
(3601, 147, 'Paper', 23),
(3602, 147, 'Die-Cut', 67),
(3603, 147, 'Decal', 30),
(3604, 147, 'Static-Cling', 20),
(3605, 148, 'Vinyl', 81),
(3606, 148, 'Holographic', 18),
(3607, 148, 'Glitter', 74),
(3608, 148, 'Paper', 41),
(3609, 148, 'Die-Cut', 61),
(3610, 148, 'Decal', 78),
(3611, 148, 'Static-Cling', 73),
(3612, 149, 'Vinyl', 63),
(3613, 149, 'Holographic', 12),
(3614, 149, 'Glitter', 65),
(3615, 149, 'Paper', 64),
(3616, 149, 'Die-Cut', 23),
(3617, 149, 'Decal', 88),
(3618, 149, 'Static-Cling', 74),
(3619, 150, 'Vinyl', 56),
(3620, 150, 'Holographic', 74),
(3621, 150, 'Glitter', 88),
(3622, 150, 'Paper', 37),
(3623, 150, 'Die-Cut', 84),
(3624, 150, 'Decal', 63),
(3625, 150, 'Static-Cling', 16),
(3626, 151, 'Vinyl', 51),
(3627, 151, 'Holographic', 40),
(3628, 151, 'Glitter', 45),
(3629, 151, 'Paper', 82),
(3630, 151, 'Die-Cut', 87),
(3631, 151, 'Decal', 82),
(3632, 151, 'Static-Cling', 86),
(3633, 152, 'Vinyl', 99),
(3634, 152, 'Holographic', 38),
(3635, 152, 'Glitter', 14),
(3636, 152, 'Paper', 75),
(3637, 152, 'Die-Cut', 31),
(3638, 152, 'Decal', 62),
(3639, 152, 'Static-Cling', 71),
(3640, 153, 'Vinyl', 71),
(3641, 153, 'Holographic', 40),
(3642, 153, 'Glitter', 60),
(3643, 153, 'Paper', 85),
(3644, 153, 'Die-Cut', 41),
(3645, 153, 'Decal', 46),
(3646, 153, 'Static-Cling', 80),
(3647, 154, 'Vinyl', 67),
(3648, 154, 'Holographic', 35),
(3649, 154, 'Glitter', 16),
(3650, 154, 'Paper', 63),
(3651, 154, 'Die-Cut', 53),
(3652, 154, 'Decal', 29),
(3653, 154, 'Static-Cling', 68),
(3654, 155, 'Vinyl', 46),
(3655, 155, 'Holographic', 84),
(3656, 155, 'Glitter', 25),
(3657, 155, 'Paper', 58),
(3658, 155, 'Die-Cut', 17),
(3659, 155, 'Decal', 23),
(3660, 155, 'Static-Cling', 88),
(3661, 156, 'Vinyl', 92),
(3662, 156, 'Holographic', 15),
(3663, 156, 'Glitter', 79),
(3664, 156, 'Paper', 98),
(3665, 156, 'Die-Cut', 51),
(3666, 156, 'Decal', 88),
(3667, 156, 'Static-Cling', 16),
(3668, 157, 'Vinyl', 30),
(3669, 157, 'Holographic', 16),
(3670, 157, 'Glitter', 88),
(3671, 157, 'Paper', 55),
(3672, 157, 'Die-Cut', 64),
(3673, 157, 'Decal', 32),
(3674, 157, 'Static-Cling', 33);

-- --------------------------------------------------------

--
-- Table structure for table `users`
--

CREATE TABLE `users` (
  `id` int(11) NOT NULL,
  `name` varchar(255) DEFAULT NULL,
  `email` varchar(255) NOT NULL,
  `password` varchar(255) NOT NULL,
  `profile_image` varchar(255) DEFAULT 'default.png',
  `phone` varchar(20) DEFAULT NULL,
  `address` text DEFAULT NULL,
  `payment_option` varchar(50) DEFAULT NULL
) ENGINE=InnoDB DEFAULT CHARSET=utf8mb4 COLLATE=utf8mb4_general_ci;

--
-- Dumping data for table `users`
--

INSERT INTO `users` (`id`, `name`, `email`, `password`, `profile_image`, `phone`, `address`, `payment_option`) VALUES
(1, NULL, 'djgpaduada@slsu.edu.ph', '$2y$10$9MgrYcwEhmcTDPugbKDfiecHuNp30BItnuNlbCuSB6MST36aXn6tm', 'default.png', NULL, NULL, NULL),
(2, NULL, 'admin@admin.com', '$2y$10$g/RSXTUid5rtSqknqC2Lgu/ISU0f8Z9VSxB6nq3n6rNQZPst1VsqW', 'default.png', NULL, NULL, NULL),
(3, 'Dave Jhared Paduada', 'dave@gmail.com', '$2y$10$Ta/pPfoB9NjiMIfffV/bb.JmUgXlgr84ZBWnZzUzglCplcaLVxLMK', 'profile_3_1763288537.png', '09289897123', 'Philippines', 'Credit Card');

--
-- Indexes for dumped tables
--

--
-- Indexes for table `cart`
--
ALTER TABLE `cart`
  ADD PRIMARY KEY (`id`),
  ADD KEY `user_id` (`user_id`),
  ADD KEY `item_id` (`item_id`);

--
-- Indexes for table `items`
--
ALTER TABLE `items`
  ADD PRIMARY KEY (`id`);

--
-- Indexes for table `item_stock`
--
ALTER TABLE `item_stock`
  ADD PRIMARY KEY (`id`),
  ADD UNIQUE KEY `unique_item_paper` (`item_id`,`paper_type`);

--
-- Indexes for table `users`
--
ALTER TABLE `users`
  ADD PRIMARY KEY (`id`),
  ADD UNIQUE KEY `email` (`email`);

--
-- AUTO_INCREMENT for dumped tables
--

--
-- AUTO_INCREMENT for table `cart`
--
ALTER TABLE `cart`
  MODIFY `id` int(11) NOT NULL AUTO_INCREMENT, AUTO_INCREMENT=122;

--
-- AUTO_INCREMENT for table `items`
--
ALTER TABLE `items`
  MODIFY `id` int(11) NOT NULL AUTO_INCREMENT, AUTO_INCREMENT=158;

--
-- AUTO_INCREMENT for table `item_stock`
--
ALTER TABLE `item_stock`
  MODIFY `id` int(11) NOT NULL AUTO_INCREMENT, AUTO_INCREMENT=3738;

--
-- AUTO_INCREMENT for table `users`
--
ALTER TABLE `users`
  MODIFY `id` int(11) NOT NULL AUTO_INCREMENT, AUTO_INCREMENT=4;

--
-- Constraints for dumped tables
--

--
-- Constraints for table `cart`
--
ALTER TABLE `cart`
  ADD CONSTRAINT `cart_ibfk_1` FOREIGN KEY (`user_id`) REFERENCES `users` (`id`),
  ADD CONSTRAINT `cart_ibfk_2` FOREIGN KEY (`item_id`) REFERENCES `items` (`id`);

--
-- Constraints for table `item_stock`
--
ALTER TABLE `item_stock`
  ADD CONSTRAINT `item_stock_ibfk_1` FOREIGN KEY (`item_id`) REFERENCES `items` (`id`) ON DELETE CASCADE;
COMMIT;

/*!40101 SET CHARACTER_SET_CLIENT=@OLD_CHARACTER_SET_CLIENT */;
/*!40101 SET CHARACTER_SET_RESULTS=@OLD_CHARACTER_SET_RESULTS */;
/*!40101 SET COLLATION_CONNECTION=@OLD_COLLATION_CONNECTION */;
